{
  "timestamp": "2026-07-20T10:10:37.115117+00:00",
  "sections": {
    "postgres": {
      "create_sequential": {
        "ops_per_sec": 338.97136399127686,
        "n": 3000
      },
      "create_concurrent_c50": {
        "ops_per_sec": 1309.0222206573212,
        "n": 3000
      },
      "get_concurrent_c50": {
        "ops_per_sec": 2725.5916371637372,
        "n": 3000
      },
      "list_page50_sequential": {
        "ops_per_sec": 371.6988877043744,
        "n": 300
      }
    },
    "api": {
      "POST /users (procs=1, c=50)": {
        "req_per_sec": 350.7190070722325,
        "p50_ms": 79.2,
        "p95_ms": 481.77,
        "p99_ms": 866.12,
        "mean_ms": 139.3
      },
      "GET /users/{id} (procs=1, c=50)": {
        "req_per_sec": 350.6288070067717,
        "p50_ms": 80.84,
        "p95_ms": 476.75,
        "p99_ms": 759.92,
        "mean_ms": 138.78
      },
      "PATCH /users/{id} (procs=1, c=50)": {
        "req_per_sec": 340.4605760016963,
        "p50_ms": 81.39,
        "p95_ms": 484.6,
        "p99_ms": 960.18,
        "mean_ms": 143.41
      },
      "GET /users?limit=50 (procs=1, c=50)": {
        "req_per_sec": 187.01352521884291,
        "p50_ms": 194.29,
        "p95_ms": 717.22,
        "p99_ms": 1097.69,
        "mean_ms": 255.31
      }
    },
    "rabbit": {
      "latency single-inflight (consumers=1)": {
        "n": 200,
        "p50_ms": 4.6,
        "p95_ms": 5.67,
        "p99_ms": 6.01,
        "mean_ms": 5.11
      },
      "latency @1000ev/s sustained (consumers=1)": {
        "publish_rate": 999.9814310144392,
        "n": 3000,
        "p50_ms": 3.51,
        "p95_ms": 5.3,
        "p99_ms": 5.9,
        "mean_ms": 3.57
      },
      "burst drain (consumers=1)": {
        "events_per_sec": 6756.4031956923,
        "end_to_end_per_sec": 6552.426566143067,
        "n": 10000
      }
    },
    "scaling": {
      "POST /users (procs=4, c=50)": {
        "req_per_sec": 1714.6116938499117,
        "p50_ms": 21.48,
        "p95_ms": 48.74,
        "p99_ms": 129.33,
        "mean_ms": 26.09
      },
      "GET /users/{id} (procs=4, c=50)": {
        "req_per_sec": 1662.7018160957514,
        "p50_ms": 21.98,
        "p95_ms": 61.03,
        "p99_ms": 93.54,
        "mean_ms": 27.66
      },
      "PATCH /users/{id} (procs=4, c=50)": {
        "req_per_sec": 1801.0125741317936,
        "p50_ms": 19.23,
        "p95_ms": 46.16,
        "p99_ms": 68.44,
        "mean_ms": 23.22
      },
      "GET /users?limit=50 (procs=4, c=50)": {
        "req_per_sec": 1507.1077614301694,
        "p50_ms": 22.87,
        "p95_ms": 48.51,
        "p99_ms": 66.46,
        "mean_ms": 26.88
      },
      "latency single-inflight (consumers=4)": {
        "n": 200,
        "p50_ms": 5.67,
        "p95_ms": 6.39,
        "p99_ms": 27.6,
        "mean_ms": 6.3
      },
      "latency @1000ev/s sustained (consumers=4)": {
        "publish_rate": 999.9802225145213,
        "n": 3000,
        "p50_ms": 2.71,
        "p95_ms": 6.43,
        "p99_ms": 7.29,
        "mean_ms": 3.43
      },
      "burst drain (consumers=4)": {
        "events_per_sec": 7165.446428700501,
        "end_to_end_per_sec": 6985.104588690952,
        "n": 10000
      }
    }
  }
}