{
  "timestamp": "2026-07-16T18:20:31.418855+00:00",
  "sections": {
    "postgres": {
      "create_sequential": {
        "ops_per_sec": 357.18448073225045,
        "n": 1000
      },
      "create_concurrent_c50": {
        "ops_per_sec": 1049.219407161105,
        "n": 1000
      },
      "get_concurrent_c50": {
        "ops_per_sec": 2204.7562618824563,
        "n": 1000
      },
      "list_page50_sequential": {
        "ops_per_sec": 404.2861731731771,
        "n": 100
      }
    },
    "api": {
      "POST /users (procs=1, c=50)": {
        "req_per_sec": 197.03304683444648,
        "p50_ms": 177.07,
        "p95_ms": 695.23,
        "p99_ms": 1129.91,
        "mean_ms": 244.71
      },
      "GET /users/{id} (procs=1, c=50)": {
        "req_per_sec": 206.97552005927284,
        "p50_ms": 176.38,
        "p95_ms": 653.54,
        "p99_ms": 1039.84,
        "mean_ms": 231.88
      },
      "PATCH /users/{id} (procs=1, c=50)": {
        "req_per_sec": 200.06830834038698,
        "p50_ms": 172.44,
        "p95_ms": 697.3,
        "p99_ms": 1084.99,
        "mean_ms": 240.93
      },
      "GET /users?limit=50 (procs=1, c=50)": {
        "req_per_sec": 213.8424038355367,
        "p50_ms": 197.59,
        "p95_ms": 501.35,
        "p99_ms": 854.56,
        "mean_ms": 213.04
      }
    },
    "rabbit": {
      "latency single-inflight (consumers=1)": {
        "n": 200,
        "p50_ms": 5.07,
        "p95_ms": 5.35,
        "p99_ms": 6.36,
        "mean_ms": 5.34
      },
      "latency @1000ev/s sustained (consumers=1)": {
        "publish_rate": 999.95555770974,
        "n": 3000,
        "p50_ms": 3.92,
        "p95_ms": 5.37,
        "p99_ms": 6.51,
        "mean_ms": 3.9
      },
      "burst drain (consumers=1)": {
        "events_per_sec": 7017.702863778459,
        "end_to_end_per_sec": 6498.0477401147455,
        "n": 2000
      }
    },
    "scaling": {
      "POST /users (procs=4, c=50)": {
        "req_per_sec": 1609.8151498643695,
        "p50_ms": 19.57,
        "p95_ms": 58.91,
        "p99_ms": 128.46,
        "mean_ms": 27.06
      },
      "GET /users/{id} (procs=4, c=50)": {
        "req_per_sec": 1616.6842884211967,
        "p50_ms": 22.23,
        "p95_ms": 56.29,
        "p99_ms": 86.22,
        "mean_ms": 27.03
      },
      "PATCH /users/{id} (procs=4, c=50)": {
        "req_per_sec": 1898.286937642179,
        "p50_ms": 19.94,
        "p95_ms": 42.95,
        "p99_ms": 55.73,
        "mean_ms": 23.33
      },
      "GET /users?limit=50 (procs=4, c=50)": {
        "req_per_sec": 1539.9956427779036,
        "p50_ms": 23.22,
        "p95_ms": 47.08,
        "p99_ms": 55.61,
        "mean_ms": 26.62
      },
      "latency single-inflight (consumers=4)": {
        "n": 200,
        "p50_ms": 4.99,
        "p95_ms": 5.72,
        "p99_ms": 25.97,
        "mean_ms": 5.54
      },
      "latency @1000ev/s sustained (consumers=4)": {
        "publish_rate": 999.9617098280972,
        "n": 3000,
        "p50_ms": 2.56,
        "p95_ms": 2.85,
        "p99_ms": 3.35,
        "mean_ms": 2.58
      },
      "burst drain (consumers=4)": {
        "events_per_sec": 7411.616462476516,
        "end_to_end_per_sec": 6493.964211201932,
        "n": 2000
      }
    }
  }
}